{
  "(0, 1)": 3.839718363731862,
  "(1, 0)": 0.9226303493366093,
  "(1, 3)": 6.621653728777145,
  "(0, 2)": 3.2903519783004485,
  "(2, 0)": -1.0259419675717525,
  "(2, 3)": 7.484413340324334
}