state,action,q_value
0,1,89.21493340391098
0,2,78.11198800052925
1,0,78.06119031973215
1,3,96.07846884259145
2,0,41.09721038931639
2,3,94.16753054302755
